id,translation
004a7dbd-57ce-46f8-9691-409be61c676e,"Seal of Mannum-balum-Aššur son of Ṣill-Adad, seal of Šu-Illil son of Mannum-kī-Aššur, seal of Puzur-Aššur son of Ataya. Puzur-Aššur son of Ataya owes 22 shekels of good silver to Ali-ahum. Reckoned from the week of Ilī-dan, month Ša-kēnātim, eponymy Enna-Suen, he must pay within 14 weeks. If he has not paid he must add interest at the rate 1.5 shekel per mina per mo"
0064939c-59b9-4448-a63d-34612af0a1b5,Itūr-ilī received one ordinary textile.
0073f2c0-524c-4bbf-915a-8c1772a4fb98,"He did not give you a textile, he returned and 9 shekels of silver."
009fb838-8038-42bc-ad34-5f795b3840ee,"Seal of Šu-Illil son of Šu-Kūbum, seal of Ṣilūlu son of Uku. When Iddin-abum spoke his word, he gave 10 minas of silver to Šalim-Aššur. He said: ""Let him take it from the interest on my sheep."""
00aa1c55-c80c-4346-a159-73ad43ab0ff7,"From Šukkutum to Ištar-lamassī and Nitahšušar: Why is it that you wrote me, saying: The house is not a house."" Urgent, to Ennam-Aššur <gap> you must not fear. To Ištar-lamassī: If you are my sister, give her expenses, do not fear. Say to Ištar-lamassī: If you are my sister, give her expenses, do not fear. To Nitahšušar: The pirikannukutānum textiles that I left, and the tab"
00f0d841-eb7a-46f8-86fc-bf9fd7d52cbf,"From Šu-Tammuzi, Elaya, Ennam-Aššur and Lamassī to Ennam-Aššur and Ali-ahum: In accordance with your missive we have hired an attorney for you. Abiya son of Bebe is our attorney. Take care to assist both the customers of your father and those who have a matter, and let the attorney assist both the customers of your father and those who have a matter, and out of the very first"
0123a9b9-e81e-4d7a-a79b-10e7c0aacbb9,"Seal of Ali-ahum, seal of Ali-ilī, seal of Abila, seal of Lā-qēp, that from the outstanding claims of Aššur-bēl-malkum for which hinnāya seized Hinnāya and entrusted to Elamma 2 minas 13.5 shekels of refined silver that Elamma entrusted to Ali-ahum and Ali-ilī - the silver will go to Ali-ahum, Ali-ilī and hinnāya before them."
0126cd13-acf7-4cd5-8373-f1e7b54d824e,"We entered Šalim-Aššur's house to settle the case, and Šalim-Aššur said: When they are going to lead me to Burušhaddum in fetters to pay the debt of the slave Abu-šalim, you will take 30 kutānukutānum textiles and a black donkey from the slave."" Šu-Bēlum answered: ""Yes, I have taken what belongs to my slave Abu-šalim."" Šalim-Aššur impressed on us what was sworn by the City,"
017c5be4-f459-4ef5-a045-5933e79c01f9,"A tablet of 10 minas of silver of Puzur-Aššur and Puzur-Adad, a tablet of 4 minas of silver of Puzur-Aššur, a tablet of 10 minas of silver of Asānum, a tablet of 10 minas of silver of Alpilī, a tablet of 10 minas of silver of Asānum and Puzur-Aššur, a tablet of 5 minas of silver of Aššur-ṣulūlī, a tablet of 17 minas 15 shekels of Ennānātum, a tablet about our fathe"
01cc1406-fc42-4252-aeae-6b4538b069c5,"17 shekels of silver, the price of a donkey, 30 minas of copper of Ištar-pilah, for his weight, <gap> thin saddleclothes, 9 minas of refined copper from the price of a slave, 1 mina of šikku-copper with the son of Ištar-bāni, 2 jars of cumin - all this is available in Durhumit. 10 pirikannukutānum textiles, 1 talent of wool, 2 saddle-rugs, 80 pomegranates, 10 minas of olive oil, a saptinn"
01cdba65-cee2-4988-b0ee-02dad64dbb5f,"2 pirikannus: Šukkutum, 2 pirikannus: Enna-Suen, 2 pirikannus and an Akkadian undergarment ½ shekel of silver is owed by Hanu. 1 pirikannu, 1 from Zalpa, a nibrāru, Azu and Ilī-ašrannī brought to Amur-Ištar. All these pirikannus Ištar-lamassī has given as a free loan."
020aa8bd-69a4-43a9-8120-efd9e587bb1c,"Ikūn-pīya and Ennam-Aššur seized us, and Ikūn-pīya said to Ennam-Aššur: Have me bring me 5 talents of washed copper and let Puzur-Šamaš answer you."" Ennam-Aššur borrowed 5 talents of washed copper to Ikūn-pīya and Puzur-Šamaš answered Ennam-Aššur. Puzur-Šamaš answered: ""Within 15 days I shall pay you your 5 talents of copper."" Ennam-Aššur answered: ""If the ter"
0225bc1b-0bca-4fdc-820e-691e96f08e25,"From Itūr-ilī to Ennam-Aššur and Ali-ahum: Urgent, urgent, clear your joint-stock capital and do not send any copper to Burušhaddum. Sell the slave-girls and take the silver, take the silver, set out and come. In accordance with what I previously questioned the owners of the silver and did not agree, they have agreed."
02351a98-b66c-42eb-90a7-11d834afe8e8,"To Šalim-Aššur from Iddin-abum, Itūr-ilī, Inah-ilī, Ennam-Aššur and Ali-ahum: You wrote me as follows: <gap> kutānum textiles, further, 92 textiles were available. <gap> Aššur's entrusted textiles. <gap> kutānum textiles <gap> you wrote me there <gap> and you <gap> there <gap> Total of your textiles: <gap> minas of textiles. 4 kutānum textiles and 2 kutānum textiles you took for 27.83333 minas 2 shekels of tin. 100."
025cc1cc-8958-4757-9bc3-99f5746846dc,"To Ali-ahum and Aššur-malik from Iddin-abum: I wrote you as follows to Bēlum-bāni, saying: Aššur-bēl-šadu'e son of Ali-ahum has given me silver to the City for purchases. Check the matter as much as you can and then send me word so I can send you the silver and pay him. My dear brothers, send me word so I can send you the silver and pay him."" My dear brothers, send me word"
02679472-38ae-4f0b-a3cb-c3ae24e6d239,"Šalim-bēlī and Aššur-pilah bring you <gap> Akkadian textiles under my seal and 1 black donkey. I gave them 15 shekels of silver, the price of a donkey, further, 6 shekels of silver a kutānu. They have been paid at least ⅓ mina 1 shekel of silver. Let them count the textiles under my seal and then entrust the textiles that I left in Ali-ahum's house to Uku so he may bring it to"
02d16b63-3fab-4c1d-8262-4cd74f6532f1,9 shekels of tin: Eluhut 10 shekels of tin and one-third parts: Ennānum <gap> mina <gap>
02de3489-7e0e-40fb-878d-141b28b7d6ff,"Seal of Aššur-imittī son of Amur-luṣu, seal of Abu-šalim son of Aššur-emūqī. For these proceedings concerning Ilī-bāni son of Amur-Aššur and Ahu-waqar son of Šu-Ištar seized Aššur's dagger and Aššur-imittī son of Amur-luṣu and Abu-šalim son of Aššur-emūqī heard their statement. <gap> Aššur <gap> our father."
02df45ee-6d74-46fb-9870-3e546ce7d304,"To Puzur-Adad, Ladiya, Ennam-Aššur, Enna-Suen, Aššur-idī, Ikūn-pīya and Lila from Ennam-Aššur and Ali-ahum: Of the 40 talents of good copper about which the investors asked for Iddin-Aššur, we have here satisfied the investors for the 22 talents of good copper that was in Ali-ahum's possession. Of that, for the 22 talents of copper, their guarantors, Iliya, Itūr-ilī an"
02f0ecc7-746b-449d-803c-c05ebbda2336,"The colony has passed a verdict, stating that Šalim-Aššur must mention to the sons of Iddin-abum his tablets for his witnesses, how much silver he has paid to cover Iddin-abum's debt. All the silver he must mention to the sons of Iddin-abum. He said: This silver my brother paid."""
0309d067-0bb7-40f6-9d27-1dfb0c60e507,"23.5 talents of wool, 66 fleeces, 10 black donkeys and their harness, 25 textiles - all this in their second transport. 10 shekels of tin, 2 pairs of women's shoes, 8 pairs of children's shoes, 3 scarfs - all this I gave to them. Apart from the smuggling that I previously gave to them I gave to them. Apart from the smuggling that I previously gave to them. 19 talents 20 minas of wo"
035670c1-3504-4084-a2e6-1ff68ade4c74,"<gap> I entrusted to Šalim-wardī and Šu-Nūnu. Witnessed by Aššur-idī son of Mumulānum, by Aššur-taklāku son of Ikūnum son of Samaya. All this I sent to Durhumit, my representatives."
03826c8c-3727-4caf-b781-1cc5f6ab56e6,"Ennam-Aššur son of Suen-nādā has received 13 minas of refined silver, and Suen-nādā his son has received 5.33333 minas of refined silver from the proceeds of <gap> Witnessed by Aššur-imittī, by Išme-ilum, by Bi <gap> son of Hanāniya, by Ilī-rē'ī son of Šakṣum."
03afa072-8f71-4403-b303-086f6097db3f,"<gap> -Aššur owes 4 shekels of silver to the creditor. Month Allanātum he will pay in one month. If he does not pay he will add interest at the rate of ⅓ shekel per month. Eponymy Aššur-nādā, week of the successor of Karwaya. Witnessed by Aššur-idī."
03f9ecf0-9c9e-461a-821c-aa0cde9398d3,"From Buburānum to Abiya and Aššur-ṭāb specifically to Aššur-ṭāb: Badiya has lived there since Narmak-Aššur, but you have been killed. If you are truly my brothers, then entrust him to the very first transport and let him come to the City and I will pay his fees. If he does not arrive, urgent, do not arrive and bring him."
041c9029-8f6f-40f8-989b-77a75878221c,"To Ali-ahum from Puzur-Aššur: As to the ½ mina of silver that you sent to me and which you sent me, Ennānum son of Kuziya brought you ½ mina of silver under my seal. My dear brother, pay attention to the missives from the City that Ennānum brought to you, and give it to the very first express transport so they may bring it. He must leave with the first transport."
0441d9a0-cf79-4cd3-85d2-bb57fe44a6e8,"From Aššur-šadu'e, Amur-šarrassa and Šalim-wardī to Ali-ahum: Šalim-wardī brought 31 minas of tin under your seal. In accordance with your instructions we gave the tin to Amur-šarrassa and Šalim-wardī, and they led it into the heavens, and they brought you 6.5 shekels per shekel of silver for your tin. Thereof we deposited 3.5 shekels as transport tariff. Šalim-wardī"
0480d321-8019-4775-bb29-5ac41b659c02,"Say to Kuliya, thus says Asānum: I am delayed by the words of the iron. They agree on the iron. I shall sell him and set out and come. Concerning your missive that arrived concerning the iron, I shall set out and come. As for your missive that arrived concerning the iron, my witnesses are Azu, the harnesser of Puzur-Amur. My dear lord, approach Puzur-Amur so he may send Azu to me,"
04810846-95dd-4ff0-bd99-33a1da243065,"To Ennam-Aššur and Damiq-pī-Aššur specifically to Damiq-pī-Aššur from Šāt-Anna: I gave you 10 shekels of refined silver for purchases. I paid 3 one-third parts, including those from the road to the City. Pay the silver and its purchases there to Ennam-Aššur."
0489c21d-108d-404f-a50c-d040ee16674b,"To Ennam-Aššur from Šāt-Anna: As to the 2 minas 12.5 shekels of silver that I gave you, my dear brother and lord, make the purchase and send it with the very first transport. <gap> as I promised you, have him sold textiles and tin and send it to me."
04939319-b287-455f-9634-e86658e6e392,To Ahātum seal of Ali-ahum and seal of Iddin-abum.
04dd324f-120e-44fd-9dbd-93a144906902,"Of the 1.5 talent 4 minas of good copper and 1 talent 14 minas of black copper that Ali-ahum left, 31 minas of good copper, the price of <gap> Aššur-dugul received 4 minas of copper Enna-Suen received 8 minas of good copper Zikur-Adad received 15 minas of copper, the price of a kutānu-textile, we paid 1 mina of black copper, his <gap> minas of copper Um- <gap> rec"
04e66f12-63a3-45ce-b27a-cc74cea47f60,"Seal of Ali-ahum son of Elāli, seal of Ennam-Aššur son of Enna-Suen, seal of Dān-Aššur son of Šalim-hum, seal of Pūšu-kēn son of Sueyya. If Aššur-taklāku has given a joint-stock investment to Ennam-Aššur, he will receive 2 minas of silver from the 1 talent 2 minas of silver from his certified tablet belonging to Ennam-Aššur and write 3 minas of gold in the name of"
05083743-603f-48b5-a6c7-f089ed845d94,"To Atata and Kannūtum from Anah-ilī: As to the ½ mina of gold and 1.5 mina of silver belonging to Kannūtum, belonging to Kannūtum, which Ilī-bāni representing Kannūtum entrusted to me, here Ali-abum has become angry and concluded every mina of silver. He has returned me to the City and before the verdict of the City Ali-abum will receive the silver and gold and Lā-bum will"
05467017-cb12-40d3-8bf4-fc656b137fec,"Seal of Aššur-imittī son of Dudiki, seal of Uṣur-ša-Aššur son of Akuwa, seal of Aššur-bāni, the kalbum. I paid 15 minas of šikku-copper in the name of Ennam-Aššur son of Šalim-Aššur."
054fdba4-0cff-4153-969d-c77e42413e1c,"½ mina for working capital to Uṣur-ša-Aššur son of Amriya ⅓ mina: Aššur-bēl-awātim for his son and Šāt-ilī ⅓ mina: Kaluba ⅓ mina for working capital 10 shekels for a free loan I gave to Aššur-ṭāb son of Aršiah. Witnessed by Kurub-Ištar, his brother. 10 shekels: Turaya, 5 shekels for the attorney, 10 shekels for the strong-room to our sons Amur-Ištar -"
0556fc5f-3705-46a0-a91a-838884587bc7,"<gap> Aššur <gap> he should answer you and pay <gap> minas of refined silver. Iddin-Kūbum answered: ""Satisfy me with a large tablet. On the day I and Šalim-Aššur meet I shall give him <gap> son of Puzur-Ištar <gap>"
05ff2933-154f-4144-bda0-6fd4217fd00f,"Šu-Kūbum brought 30 minas of silver, its import duty added, its transport tariff paid for, under my seal, to my investors, my representatives and Hinnāya. Witnessed by Amur-Šamaš, son of Mīšar-rabi, by Amur-Šamaš, son of Harimtum. 2 minas of silver belonging to me, 1 mina of silver belonging to hinnāya to the end of the caravan, 1.5 mina of silver of Ummī-Išhara, 15 she"
0677963f-3fac-4d49-b13e-9d6322bf6fb1,"Ennam-Aššur seized us against Ali-ahum, and Ennam-Aššur said to Ali-ahum: Come, I will question you."" Ali-ahum answered: ""Why are you questioning me about the memoranda that I and you settled accounts under your seal and your seal?"" Ali-ahum answered: ""The memoranda that I and you settled accounts under your seal and your seal I will not confirm my seal."" Ennam-Aššur answered"
0685c421-0ca7-4d48-9e3e-ecd1fee4c2e6,"From Kuziziya to Ennam-Aššur: In accordance with your instructions Pilah-Ištar gave me your store-room with tablets. The store-room and your seal are sealed by Alulaya. Pilah-Ištar answered: We took the tablet of his harnessor there and then we placed it in the store-room and Alulaya sealed it. Ebrimuša brings you the store-room with your tablets. Also, in accordance with your"
06a9a456-58e2-4fed-9687-913d824cadc4,"Of the 48 kutānus of the votive offerings, thereof I gave 5 kutānus for ½ mina 7.5 shekels their price to the chief of the perdi 7 kutānus Aššur-mālik son of Innāya took for 1 mina 13 shekels of silver 1 kutānu Itūr-ilī took for 7.5 shekels of silver 3 kutānus Ṣahri-ilī took 6 kutānus are in the possession of Anna-anna 2 kutānus for ½ mina of silver Tumla wil"
06bcd3b4-2ea6-4f9e-9b7c-fba145ff4e9b,"From Kuziziya and Amur-Ištar to Ali-ahum: Your textiles in Marithum <gap> of good quality <gap> thin textiles <gap> which have been sold, the rest of your textiles are available. The rest of your textiles are available. In accordance with your instructions we shall sell your textiles for either silver or gold and we shall make you buy for you either silver or gold."
06ec260a-bcc5-4762-b2ee-dfbc10cfbfbe,Certified tablets with my witnesses concerning the sons of Iddin-abum.
072fa62e-126a-4189-aa4f-c539b693ff07,"To Ennānum and Ali-ahum from Puzur-Aššur: Ennānum brings 20 minas of silver under my seal. Ašdu has brought the silver to Enah-ilī and let him give you a tablet with my seal. Set out and seal it and leave it with Aššur-nimrī. Send me word when you have paid the silver, and then send me word with the first transport. My dear brothers, send me word with the first transport."
074cc9ae-4858-41c9-9e43-2080efc0ab48,"From Itūr-ilī to Ennam-Aššur: Unfortunately, your father has died. <gap> a tablet <gap> bikitum <gap> there is no outstanding claims in the house. The investors heard the death of your father sealed and are available. There is no outstanding claims in the house. He spoke his will. The investors heard the death of your father and <gap> we questioned them for the affairs about which we a"
076bf725-426a-445c-8c5d-0386627c9458,"I sue you for good quality. You have acted strictly for me, <gap> you seized. Also, my lord holds me like bread. As soon as you instructed me there, saying: 'Do not give the price of the slave-girl to my son', for that reason I have not given it to your son. Send me the price of the copper and the outstanding claims that the Anatolian had settled with you, and then I shall give your"
0785386c-bea4-4fde-beef-bcb5dc63f220,"Alili and Karšini owe 1 mina of silver to Waldi-ilum and Ištar-lamassī. They will give 1.5 mina of silver and 2 sheep for Tuhtuhanum. Before your lord and your lady, before Waldi-ilum and Karnikašu."
07a52b72-c4d6-4aa2-8d1c-2e3ba0024509,"To Šalim-Aššur from Adad-rabi: As to the tablets concerning Iddin-abum that you wrote me about, I questioned Aššur-malik and Šalim-Aššur, saying: When Issu-arik concluded the affair of Iddin-abum with Merani, with the priest of Ištar and Zaktaya's house, and where they gave him a free loan, at that time he paid the silver he had paid, and they collected the rest of the sil"
07e7a1b1-4d8d-4363-996b-e29d43fe77e4,"1 kutānu-textile and 2 dark textiles belonging to Šu-Kūbum were sold in Burušhattum for ⅔ mina of silver. Of that they deducted 25 minas of copper in the name of Šu-Kūbum, that they deducted 15 minas of copper in my name. The rest of his silver is 14 shekels. Of that Šalim-Aššur gave 10 shekels of silver in Kanesh, I myself will pay 4 shekels of silver. Of that you promi"
0802d7e7-1be2-42b7-913b-62861455f45e,Habiya and his wife owe ⅓ mina 1.5 shekel of silver to Ali-ahum.
080d13ab-4e1a-4865-86b0-1018f7a43b93,"Of the 11 minas of silver from your tablet, 5 minas of silver and the 2 minas of silver that you promised to pay on the journey, but you have not paid the silver, send me the silver. Let me bring you good kutānukutānum textiles and lapis lazuli, so that we have taken 10 minas of silver on the journey, and they will pay the silver."
0819f9cd-c0a0-4be4-9307-040881cbb5db,"Seal of Buburānum to Abiya son of Bebe and Aššur-ṭāb. My father, if you are my brothers, take care."
081aacd7-46bb-4ca3-9040-3ec3f433084c,"To Šalim-Aššur from Adad-rabi: Here Šu-Ištar, Aššur-malik and Šalim-Aššur heard and said: This matter in accordance with his letter that he wrote, yes, Issu-arik has discussed in us in the presence of us. Šu-Ištar has a matter."" They said: ""Let Šu-Ištar take his matter and we will place it in the Gate of the God and we will give you a tablet."" On your tablet <gap> Ali-a"
083853f6-0552-42cf-8bf9-33bd469fb345,"To Iddin-abum, Itūr-ilī, Kukuwa, Adida and Ali-ahum from Ennam-Aššur: I have written to our father's representatives and to you once or twice to our father's representatives and to you. In your instructions you keep writing me as follows: Take a decision concerning the safety of your father's goods."" Also, here the words of the palaces are strict. They are strict. Here they are"
088d9eb0-06e6-4d59-94d1-b1546b8a3d7e,"From Iluwa to Sueyya: 49 textiles belonging to Aššur-imittī, 1 textile of Būr-Suen, 1 textile of Lā-qēp, 1 textile of Ikūn-pīya - in all 52 textiles, including those of free loans, and 2 donkeys with their harness I entrusted to Zuba and he will lead them to the huraṣānum. There you and Enna-Suen will assist us representing us. Zuba should assist us and entrust the texti"
08be4fa5-528d-4cd7-a3b9-a7f6452b61d1,"4 hides of silver <gap> the debt of <gap> remain 15 hides the price of good textiles that Ialiya brought further, when Šalim-ardī and Ialiya returned, 2 good quality kutānukutānum textiles <gap> 10 <gap> hides, 5 <gap> 4 hides with ½ mina of silver <gap> in all 5 minas of silver with <gap> of the share of <gap>"
08e99ff7-a5ee-4cae-93f5-6aa4d24f5b33,"<gap> kutānum textiles <gap> at 1.5 shekel per <gap> I sold to Irnuid for 2 minas 6.5 shekels of silver <gap> kutānum textiles Ahu-waqar received <gap> minas 2 shekels of silver <gap> kutānum textiles for <gap> minas 2 shekels of silver Ahu-waqar received <gap> kutānum textiles for <gap> minas 2 shekels of silver Ahu-waqar received <gap> kutānum textiles for <gap> minas 8 shekels of silver Anah-ilī gave <gap> the rest of the silver,"
08f7b5b5-8a52-43af-a30a-ad9c11ce8de7,"Lulu, Ennam-Aššur and Abu-šalim, the representatives of Aššur-ṭāb, son of Elamma, seized us against Aššur-ṭāb, son of Ali-ahum, and they said: The price of 21 talents 9 minas of washed copper belonging to Aššur-ṭāb, son of Elamma, which had been deposited in your house, have you sold it for purchases?"" Aššur-ṭāb answered: ""I sold it and the price of 17.83333"
08f81f6d-d352-437c-bc65-c47d964f597d,To Ennam-Aššur from Šāt-Anna: Aluwa brings you 30 minas of good copper under my seal. There you can convert it to silver there for silver.
091abe17-bf55-4912-b402-15442365622a,"To Ali-ahum and Zukuwa from Puzur-Aššur: Ennam-Aššur brought 13 minas of tin there. My dear brothers, if he has given you the tin, then seal the tin and send it to me. If he has given you silver together with the tin, make a profitable purchase for me and send it to me with the first transport. If Damqaya is on his way to the City, give him 1 mina of silver and just as I brough"
092043d6-49a6-40cd-b867-5771e4babd95,"The attorney of Šalim-Aššur's house Ababa seized us and seized us against Ennam-Aššur and Ali-ahum, and in the tablet of the City he made what Šalim-Aššur left behind and brings it to the City. Whether your father left behind or what he left behind, then I questioned you, saying: 'Your father left behind what is in your possession, your father should go to the City.'"
093e14c7-c6f0-4ab1-a493-f6ed864ed0fa,From Aššuriš-tikal to Ali-ahum: Of the 9 talents 17 minas of copper for which you were booked in the office of the colony you deducted 4.5 talents of bad copper Annina received 2.5 talents 7 minas of bad copper Amur-Ištar received 2 talents 10 minas of bad copper - in all your copper: 9 talents 17 minas of bad copper for which you were booked in the office of the colony
095287be-f971-4a75-99fc-6c0a414a6c57,"From Šukkutum to Tanawišti and Ištakušar: Ennam-Aššur has seized me here. To Ištakušar: Seize him and make him pay the silver. Seize him and make him pay the silver. If he contracts with you, I have witnesses for him. If he does not give it to you, detain him. His house that Akkadian gave him there, if he has received the silver from my silver there, then detain him. If he"
095aba0d-c812-48a0-bccf-a60f64593b0f,"The attorney whom you have come to Itūr-ilī is in the tablet of the City and his name is written in the tablet of the City. If the attorney does not leave, the tablets should be deposited for the transport."
0960dbf7-bab1-4613-bb18-f81927fa3313,"<gap> he sent to me. In accordance with the missive stating that <gap> 80 kutānus have been lost and in accordance with the missive <gap> talents of tin <gap> talents of tin under your seal <gap> on the journey Ali-ahum settled accounts with me and with my father's representatives, and Ali-ahum settled accounts with my and with my father's representatives, and <gap> the expenses from the jour"
098ec47b-09c0-49ad-9ba3-d8500ec2cae5,A letter of Aššur-taklāku son of Hanana to Nakile'ad a letter of Nakile'ad to Aššur-taklāku son of Hanana a tablet of the merchant that was in Hurama and tablets of Anah-ilī.
099eb63c-4a3c-4bca-baf4-705a46083a49,"1.5 mina of silver, the tithe, we collected from Pūšu-kēn, son of Buzāzu, in Kuburnat, and thereof 1 mina of silver Šu-Suen, son of Ab-lamassī, and Aššur-idī, son of Adada, are bringing to the kārum under the seal of the wabartum and my seal. ½ mina of silver Aššur-mālik, son of Kurara, promised in Tuhpiya, he will pay to the kārum. 15 shekels of silver we collected"
09db3713-52b2-493d-8893-1e2347c24554,"Let him come with you. I shall conclude his case, but I shall not come in an empty hand."
09e86185-d7b1-422e-92f8-e86a0438f4cc,"<gap> minas <gap> which Ennam-Aššur son of Šalim-Aššur owes to Dan-Aššur son of Šalim-ahum from the week of Aššur-malik son of Ali-ahum, eponymy Innāya, which silver and its interest Ennam-Aššur has been paid on behalf of Dan-Aššur. A certified tablet concerning the debt of Ennam-Aššur son of Šalim-Aššur that may appear is invalid. Witnessed by Kukuwa son of Budātu"
0a086ecd-dfc9-4828-89c8-ea0b55b23ce5,"<gap> 12.5 minas <gap> 3 minas of silver we added, and 11 <gap> and the import duty <gap> to the investors <gap> for you <gap> 15.33333 <gap> for <gap> 2.5 shekels <gap> for <gap> ½ mina <gap> tin 2.5 shekels <gap> for Aššur- <gap> to the office of the colony <gap> ⅓ mina <gap> Šu-Ištar <gap> refined silver <gap>"
0a32b868-ba90-4daf-aa2c-f508bf6da885,"To Amurrum-bāni and Šalim-Aššur from Šu-Kūbum: I am leading 5 black donkeys to you, 2 with chairs. Belonging to a merchant. Urgent, the expense tin is inferior - that he gave. Urgent, the packet must not be opened. Urgent, send silver to me. The packet must not be opened. The packet must not be opened. The packet must not be opened."
0a563c7c-797f-4ca6-b937-cd2be4d3465a,"Šēp-Ištar and Šalim-wardī brought 12 thin textiles and ½ mina 3 shekels of lapis lazuli for barley to Kuziziya in Wahšušana. I gave 5 minas of šikku-copper for their expenses. Witnessed by Šu-Bēlum son of Kuziziya, by Kiziya son of Lā-qēp."
0a737259-8186-4ace-a2bf-1dd76c27563e,"<gap> 5 minas of lapis lazuli, <gap> 1 talent of good copper, <gap> black donkeys and its harness, 20 minas of šikku-copper, 110 bronze pins to him <gap>"
0abc65bd-3bac-4add-8026-8b65f1d50e5a,"From Da <gap> to Ali-ahum: Concerning the silver that <gap> and Kammaliya brought to you, the silver was <gap> and we seized the silver under the seals of Amur-šarrassa and I brought 1 mina of silver from the land of Tahuruwa, but we seized him in the hands of the palaces, but they did not release the silver to us, but they cleared us for 2 minas of silver. Until you give their tablet, i"
0ac28a97-2e12-418e-89e7-87b30b6724f9,"Say to Kuliya, thus says Ababaya: We are well, your children are well, and you are well. Just as you <gap> your father <gap> your affairs <gap> on me <gap> who should give me <gap> who should give me <gap> since you have not yet come from your letter. What are you keeping writing, saying: Send me the textiles."" What should your children hand over to your expenses?"" What should your servant hav"
0afc88d2-258e-4d6a-8c02-25b605573093,"Aššur-imittī son of Etaya has received 17 minas of refined silver and 7.5 shekels of pašallupašallum gold from the proceeds of Ušinalam's wool. Witnessed by Ennum-wēr son of Šudaya, by Ilī-ašrannī son of Sukkalliya, by Enna-Suen son of Iddin-abum, by Abūbu's younger son."
0b26936d-5f34-4d9e-815f-2a57bae7eb64,Seal of your representatives to Ennam-Aššur from Aššur-massuī: I set down and you do not send me <gap> send <gap> send <gap>
0b84671a-8753-49d9-859d-b42c3d8944ae,"2 packages of 15 minas each and one package of 10 minas, its import duty added, its transport tariff paid - in all 42.33333 minas of refined silver under my seal I entrusted to Aluwa and Enišārum and I sent them to the City to Šalim-Aššur in accordance with his orders. Further, I gave 13.33333 minas of good copper for their expenses and 5 shekels of silver for their food. Witnes"
0b94fbc1-0422-4849-9bca-53197403585b,"Of the 48 kutānukutānum textiles we paid 2 textiles of kutānukutānum textiles in his chair, 1 kutānu-textile we brought, 2 kutānukutānum textiles we gave to Tumliya, 3 kutānukutānum textiles <gap>"
0bb1990b-2a0c-478a-af97-bda76e517257,"5 shekels of silver for his sacrifices for Enna-Suen and Isaya 3 shekels for Ikūn-pīya 1 shekel of silver for his son further, 18 shekels of silver, the price of 2 textiles is owed by his son 50 minas of copper is owed by harlu 10 shekels of silver, the price of 2 sacks and 2 jars of wheat is owed by the wife of Ennam-Aššur further, 4 shekels of silver, the price of 1 sac"
0bb53a4a-e190-4572-9793-bafd0010d596,"To Ilī-emūqī, Šu-Tammuzi, Abiya, Elaya and Lamassī from Adida and Ali-ahum: After Šalim-Aššur died, our father's customers who owe the silver there to me and Ennam-Aššur have been detained and seized our outstanding claims, and you heard about it and went to the City assembly and the City passed a verdict, stating that if Šalim-Aššur owes the silver at an interest, the"
0bc255d7-4dcb-4763-8d8b-2d4af41720b4,"2 talents 10 minas of sealed tin, 52 good textiles, 3 black donkeys sealed by Aššur-bāni and Bēlum-bāni, belonging to the merchant, they entrusted to Puzur-A <gap> Puzur-A <gap> entrusted these goods to Ali-ahum. Witnessed by Aššur-bāni son of Kutaya, by Damiq-pī-Aššur son of Warad-ilīšu, son of Aššur-idī."
0bd5912f-8ecc-462b-9bd8-c727599c055c,"To Uṣur-ša-Ištar and Aššur-bāni from Ali-ahum: You have received the top-pack which they brought you oil. Do not bring the top-pack ½ shekel of copper. Since the silver, 10 shekels of silver and ⅓ mina is in my possession. Give it to Uṣur-ša-Ištar so he may give it to the maid. If you do not give it, he may give it to the maid."
0c2cc8e3-ef70-44e0-b51e-5ec43a98aeb1,They bring you for 5 pairs of shoes. Send me Šu-Bēlum.
0c42496f-e397-4c20-bded-26466dbda86f,"4 talents of tin and its extras, sealed in the City, 20 kutānum textiles, including 12 less than wrapping further, 20 kutānum textiles, the share that the palace received for purchases, have been released to Šalim-Aššur's hands. In all 40 and 5 black donkeys from the merchandise that arrived with Šu-Kūbum Šalim-Aššur has received. The rest of his textiles, 45 including his"
0c5af7a2-ff29-4bc2-b720-967666501f96,"To Šalim-Aššur from Šu-Tammuzi, Adida, Elaya and Lamassī: When you left <gap> you said: Aššur-ṭāb son of Lulu <gap> some 10 minas of silver <gap> the king will receive his tithe."" Later the man went to the City assembly and said: ""He gave me for purchases. I have been entrusted a claim for 5 years. I asked for a claim from the City for five years, and his term was for one year."
0c63dd16-a3db-4363-bccd-4bc4f7071b1a,To Ennam-Aššur from Lā-qēp: Ennānum and I entered your storeroom and brought out your tablets and your bronze pins and left them in Itūr-ilī's house. 1.5 mina of silver and 3 shekels 22.5 grains of gold that Eramuša brought from Katila from the head of your father Enah-ilī and for the silver under your seal we <gap> and we booked 1.5 mina of silver. As to the 3 servants that
0cc387b4-dadd-47af-ba11-d829d0e79ee5,"From Man-mahir to Ali-ahum: If they have brought the textiles from Luhuzattiya or did they bring them in, inform me. If they have brought them in, convert them to silver as I instructed you. My dear brother, take care to bring every shekel of silver. Their smuggling is 7.5 shekels of silver. I asked Enna-Suen for ⅔ mina of silver and give them 7.5 shekels. The rest of the silver"
0d14c5a8-c152-4417-90cc-36b6dff3226d,"Seal of Zuba, son of Ennānum, seal of Puzur-Anna, son of Aššur-dān, seal of Nab-Suen, son of Puzur-wēr, seal of Āl-ṭāb, that as for the 11 minas of silver, the guarantor of Āl-ṭāb, Aššur-šamšī and Ennam-Suen have received 11 minas of silver, the guarantor of Āl-ṭāb, if he has received the silver from Aššur-šamšī and Ennam-Suen, then the house in the City"
0d22e71e-ab7e-4bb7-83bc-052b25789dba,"5 minas <gap> silver, its transport tariff paid, under my seal and the seal of Bēlānum, I entrusted to Ilī-pilah. The silver belongs to Hunniya. Witnessed by Dadaya son of Aššur-imittī, by Elāli son of Garwaya, by Aššur-lamassī son of Šu-Kūbum."
0d255d81-e958-4ba8-9b2d-f7a865ed6548,"Seal of Baziya, Šu-Hubur and Kulma-kulma. Missive from Man-mahir stating that I released 3 minas of silver to them."
0d3403e0-30ac-4ec8-8b46-4cd141546fd7,Ištar-lamassī gave ⅓ mina 3 shekels of silver to Puzur-Aššur for purchases.
0d355833-f05b-420a-ad64-25bd92c18664,"To Ešarra and Ab-šalim from Ennam-Aššur: 10 shekels of silver and a undergarment under my seal for Ešarra. 10 shekels of silver and 2 saddleclothes for Ab-šalim and the girl. 2 shekels of silver for Ištar-lamassī, my sister <gap>"
0d9cc172-1feb-46bd-94c3-23c00a6e83f1,"10 talents 10 minas of tin under seals of the City, 223 textiles and 24 black donkeys - all this Ennam-Aššur received."
0db91c91-7c07-4b21-962a-a6cde6af9a20,"<gap> his profit. Come on, pay the silver in accordance with the verdict of the City and then let us go to the City. Do not obstruct me. A letter has been deposited. A letter has been set down as a complaint. To the tablet of the City and the attorney of my lord. Ennam-Aššur said to Ababa: You have seized me before these men and questioned me in a court. But the attorney came and A"
0df5bbf8-64c9-4907-9935-8539c2756cc7,"To Dan-Aššur and Aššur- <gap> from Niba: <gap> Illil-bāni brought you 5 minas of refined silver. Together with those from the caravan <gap> of good quality from Akkadian caravan. Buy either clothes <gap> or Abarnian or Namašuhum, or of all these <gap> buy both good and extremely good - do not be angry with every shekel of silver. If this purchase is not"
0e0749e6-2390-4131-917a-f85ce4cbf9db,"Of the 16.83333 minas of lapis lazuli from the votive offering to Aššur that I received from Man-mahir in Šalatuwar, of that I entrusted 1⅓ mina of lapis lazuli from the votive offering under the seal of the merchant to Kudātum son of Amur-Ištar and I sent him to make purchases. I said: Act in accordance with the missive of the merchant that was written to Dan-Aššur and to"
0e330375-456e-4955-a1a5-083183efa458,"5 minas of silver owed by Aššur-taklāku. Reckoned from the week of Amur-Ištar and Aššur-bēl-awātim, <gap>, month Te'inātum, eponymy Amur-Aššur son of Karriya, he will add 1.5 shekel per month per mina."
0ebe370a-ecec-41fe-bc8d-099da03c9e17,"To Šalim-Aššur from Iddin-abum, Ennānum, Šu-Ištar and Ennam-Aššur: Ennam-Aššur has brought out 26 minas of refined silver sealed by your representatives from Burušhaddum. Ennānum paid us 30 minas of refined silver and we gave him his tablet. 4 minas of refined silver for which Puzur-Aššur's import duty added, its transport tariff paid for, here your representatives an"
0ed9efba-b0f4-495b-b8cd-21aad94a85f8,"To Aššur-massu'ī, Šu-Kūbum and Aluwa specifically to Aššur-massu'ī from Ennam-Aššur: Here you said: In my outstanding claims I will send you 5 shekels of silver for the price of your textiles to Mula with your servant. Buy her a textile and until I come here he will give her stones until I arrive."" You wrote me as follows: ""Give her 5 shekels of silver in your own po"
0eebeedc-dba1-4b77-90d6-52d906e27879,"Say to Elamma, thus says Aššur-ṭāb: I found Edinnāya here and Ennam-Aššur son of Didiya heard his statement. He is on his way to the City. A tablet concerning Ennānum's debt under my seal, Didiya's son has brought you a tablet concerning Ennānum's debt. I will clear your merchandise and I will come."
0ef87e90-7b1e-4210-8bbb-a61ae9ddacb2,"To Aššur-malik, Šalim-Aššur and Adad-rabi from Šalim-Aššur: Irišum brought 4 talents of tin, textiles, kutānukutānum textiles, its wrapping and top-packs belonging to Issu-arik, and 2 black donkeys. <gap> minas of tin and its wrapping <gap> a black donkey Issu-arik paid there <gap> let the tin be released there <gap> give a tablet <gap> of <gap> owed by <gap> which <gap> send <gap>"
0f0ff9cf-974f-48e2-bef3-9d2cbe82c731,5.33333 minas 2 shekels I paid to the taphiri 2 minas I gave to the lady 2 minas Šamaš-bāni gave her ⅔ mina 5 shekels when Šalim-bēlī came I gave to the lady ½ mina when Šamaš-bāni had come here ½ jar of wheat I gave her.
0f3acc15-a065-4431-93e1-0166842af8d8,"Dada will bring 1 textile belonging to Apum when he comes up. Witnessed by Aššur-bāni son of Šalim-Aššur, by Libaya son of Uzua, by Ṣilūlu."
0f41d0cd-c49c-44ce-a717-cc12b5df7ec2,"Say to Baziya, thus Arunahšu: Where is the gods who swear bread and the bread which we swear? Let him know the interest on my silver. My dear brother, I have not left behind for the interest on my silver. You wrote here I have not left behind for Harziga. Grain and anything they have left behind. Belonging to the lady I gave you it is not bad, send it to the God. If you are truly"
0f4eb966-8f04-4a66-a72b-cb14fb877e18,"To Šalimma <gap> from Bēlātum: Why is it that you keep keeping in the City Aššur, the blood-money and the destitutions <gap> her god I promised to take responsibility for her gods. To the City <gap> not your father <gap> our father <gap> you there <gap>"
0f932a9f-5d1d-4d5d-b71a-2a17e8397554,"To Kuliya son of Ali-abum, Hanunu son of Ennam-Aššur, Uṣur-ša-Aššur son of Puzur-Aššur, and Aššur-lamassī son of Aššur-nādā seal of Pilah-Ištar son of Aššur-nādā."
0faa50f7-b86c-466c-a8ab-3a6f48fcb00a,"I paid 4 shekels for the container of the pukum, 1.33333 shekel for a wagon of qanu'u, 1.66666 shekels for subarum, ⅓ mina of silver I paid for Abarnum, ⅙ shekel for umṣum, ¼ shekel for šumku, <gap> sacks of wheat, <gap> shekels for <gap> hašlātum, Awarnu-alim, ⅔ shekel for eṣe, ⅔ shekel for pae, 1 biltēn ½ shekel, ½ shekel for napāhum, 95 jars for <gap> ½ shekel per"
0fab36c1-7411-4d88-845d-4ba5fd1b9c99,"From <gap> to <gap> -Aššur and Šumi-abiya: Please, my fathers, my lords, take care to open my containers the very day Šumi-abiya arrives, and entrust the tablet of Zuba to Šumi-abiya so he can bring it. Also, in the entrusted tablet the tablet should go overland in the name of Zuba. Until this year I have been delayed a year and I have not gone to the City. The man <gap> after <gap> to"
103e6d83-27e6-4dcf-ac7f-747f9674e37c,"10 shekels of silver I gave to Adida. Witnessed by Idnaya, by <gap> -biya."
10400091-57fd-42a8-bee2-c63f610fd00f,"Seal of Pilah-Ištar, son of Ibisua, seal of Šumi-libbi-Aššur, son of Kuskusum, seal of Ennam-Suen, son of Amur-Šamaš, seal of Āl-ṭāb, son of Amur-Šamaš, that the debt of Ennam-Suen and Āl-ṭāb, sons of Amur-Šamaš, is 3.5 minas 5 shekels of refined silver. Reckoned from the week of Aššur-imittī and Amur-Ištar they will add per mina 2 shekels per month as interes"
10652f57-cc24-49ed-8536-1426f50d9697,"To <gap> from Adad-ṣulūlī: Here I informed you, saying: If any of the smuggled goods of <gap> has not arrived, then let your letter go to Aššur-nādā. He must send 2 talents of tin and 10 textiles of good quality to you and then smuggle them together with the smuggled goods of Puzur-Aššur."""
106c1d39-5a5e-4384-aef7-6df067009f96,"From Ikūn-pīya to Ibni-ilī, Būr-Aššur and Ennam-Aššur: Aššur-bāni left 14 kutānum textiles for the wife of Šu-Ištar son of Šukkutum under his seal for you, and you can sell the textiles. Sell them as much as you can, take the silver and seal the silver and let it remain in a house of one of you. My dear brothers, <gap> my textiles <gap> To Ennam-Aššur: For ⅓ mina of silver a"
107b536a-b713-474f-a2b3-cb3852ef839e,"Puzur-ennam, a jar of Galgaliya, a jar of Aššur-nimrī, a jar of Mannum-kī-Aššur, a jar of Ah-šalim, a jar of Man-mahir, a jar of Liptānum, a jar of Nazi, a jar of Šu-Hubur son of Iddin-abum, a jar of Ah-šalim, a jar of Buzāzu."
109b48be-522c-4591-8ff3-3c36655f7608,"To Innāya from husārum and Taram-Kūbi: Aššur-ṭāb brought 15 minas of silver from your votive offering, it was deposited in the Aššur-temple."
10bd64cd-2f89-4634-a5ca-e28bba719142,"Seal of Ennānum son of Šu-Bēlum, seal of Uṣur-ša-Aššur son of Amurriya. Uṣur-ša-Aššur son of Amurriya owes 13.5 shekels of refined silver to Irišum. Reckoned from the week of Aššur-imittī and Amur-Ištar he will add interest at the rate ⅓ shekel per month."
11058179-96bf-45f5-b340-e3ef100e67ef,"603 textiles under my seal, 100 textiles under my seal, 35 textiles good quality textiles under my seal, 3 textiles that are sealed with the seals of Ilī-wēdāku - in all 638 textiles under my seal. Further, 46 textiles, both abarnian or good quality textiles, both good quality textiles, both kamsutum and nibrāru, 2 textiles of Šēp-Ištar, 3 kutānus of Aššur-kašid, 3 kutā"
11664174-0d50-4c2c-ba9c-c0799362648b,"From Šalim-Aššur to Iddin-abum, Itūr-ilī, Inah-ilī, Ennam-Aššur and Ali-ahum: 603 kutānum textiles, thereof 100 of secondary quality further, 35 of extra-fine quality, thereof 3 that are sealed with Ilī-wēdāku's seal, will go to me with the seal of Ilī-wēdāku further, 46 Abarnian textiles, both kutānum textiles and of extra-fine quality - in all 684 textiles, apart from those"
11672d83-b960-4dad-8399-05c077aead07,"Thus kārum Kanesh, say to the dātu-payers, our messenger Kuliya, the wabartum of Kuburnat, Hanaknak and Tišmurna: The very day you hear our letter produce the dagger of Aššur in the presence of our messenger Kuliya, and whoever there carries meteoric iron there, whether he has sold it to a palace or has not sold it, make him pay the tithe of the meteoric iron and its transport"
117a363c-9cc3-4488-91ae-11d54abc1cc8,"To the envoys of the City and the travellers from Kurub-Ištar and his caravan: Lapis lazuli belonging to Šalim-Aššur son of Issu-arik has left behind in the City and Adida brought us a letter from the City. <gap> the goods <gap> to speak <gap> in accordance with the letter from the City and they must speak. If you have forgotten the lapis lazuli, then bring the lapis lazuli and the t"
11858911-f181-456e-9e7c-7f47ebe2348c,Ennum-ilī further took 6 shekels of refined silver for a working capital.
119e8003-bbd2-436a-83e1-2e2b1d7b2b77,"From hannaya to Aššur-imittī and Karriya: I gave 1 mina of silver to Šalim-Aššur's daughter. The tablet concerning Šalim-Aššur's daughter, Adida, Šu-Tammuzi and Elaya have been checked. Ali-ahum has paid the silver here, so open for my tablets there and give the tablet concerning the debt of Šalim-Aššur's daughter, Adida, Šu-Tammuzi and Elaya to Šalim-Aššur's daugh"
11d911d0-b5fd-426b-ad13-52a63c1f6d34,"Within 15 days, the week of Enna-Suen, son of Kurara, and Aššur-mālik, son of Lā-qēpum, if Aluwa, son of Adudu, does not come within 5 days and has agreed with me, I will deduct the silver I took from my interest and then he will pay me the silver and its interest in accordance with his tablet. Witnessed by Amurrum-bāni, son of Manana, by Nab-Suen, son of Ešu-bāni, by Lā-q"
121f01b4-5a21-4703-8eee-425d568648d7,From Kuziziya to Ennam-Aššur: Šu-Bēlum and Aluwa brought me 4 Akkadian textiles. Concerning Aluwa that was sent to Purušhaddum in order to come to an agreement. <gap> there is no road to either Ulama or Šalatuwar or here to Šabaya <gap> there is no way to arrive. For that reason I returned Aluwa to you. Ulama with Purušhaddum <gap> your textiles have been invalidated. Without del
1252b18d-4b89-4af9-b6b9-199b40c13848,"To Ali-ahum from Damiq-pī-Aššur: The very day Elāli arrives he must not live. Give him a message in accordance with my missive and send him. Today he must not raise claim against one other. You left <gap> you hear myself, Kuššara will go and smuggle. Until <gap> they will guard the goods. Until <gap> they will guard the goods."
12b0fa98-1f9d-4ca6-8b95-62623a619e05,"I shall go, inform us."
13018eed-d30f-42a7-a3a0-2c2e73e7673d,<gap> the rest of <gap> for the god <gap> we bought and 1.5 mina of your silver was due from Ennānum <gap> they took <gap> he said: <gap> silver in <gap> silver.
131895cf-dcf9-48cd-bc67-0798c1cc7029,"Itūr-ilī and Enah-ilī said to Ali-ahum: Go, open for your father and your brother's tablets, and give every shekel of silver the outstanding claim on your father is available, and pay it to your father's debt."" Witnessed by Adida son of Warad-ilišu, by Ṭāb-ṣill-Aššur son of Alili."""
132bb95c-07f6-4ef2-a8ff-ee8a54fbc1d5,"To Adida, Ali-ahum and Abaya specifically to Abaya from Damiq-pī-Aššur: You wrote me as follows: Your tin was sold at 8 shekels per shekel. 1 Abarnian textile has been sold for ½ mina ⅓ shekel. They owe ⅓ mina 5 shekels. Silver, ⅓ mina 1 shekel, the price of the textiles, 21 minas of copper I left with you, the silver he brought to you, the silver he brought to you, th"
132ca3aa-2eb7-4bdd-9ebd-c72ba3ae83ca,"From Ikūn-pī-Aššur to Iliya and Kura: Šu-Bēlum son of Alulaya owes me 4.5 minas of silver. I sent my servants to him in Hanaknak to have the silver paid, but he seized my servants and seized them from them and went to the City. My dear sons, I have written you once or twice but you have not sent me anything. Take care to send me word in accordance with my letter."
14104994-d3aa-405c-839c-e57d228475ff,"<gap> I gave to Pilah-Ištar son of Aššur-rē'ī for purchases. He will send the silver, her price, when he arrives from Wahšušana to the merchant. Witnessed by Enna-Suen son of Iddin-abum, by Aššur-taklāku son of Ikūnum. <gap> ½ shekel of silver owed by <gap>"
14457418-2863-49ad-860b-89778d8cdd3a,"To Uṣurānum, Ennam-Aššur and Ibni-Adad from Ṣill-Adad: Ibni-Adad brings you 2.5 talents of antimony and 9 jars of acorns. My dear brothers, sell the antimony and the acorns. Ibni-Adad must not delay for 5 days. Send him. If the silver, the price of the antimony and the acorns, is important for the price of 10 talents of wool, Ibni-Adad must add the silver to the silver. The"
14a98a66-9b69-4183-8876-ff6e411f74bf,"To Ali-ahum and Damqaya from Šāt-Anna specifically to Damqaya: I gave you 2 minas of silver, its import duty added, its transport tariff paid for, for purchases in the City. I said: Buy tin."" Give the tin, the proceeds from my silver, to Ali-ahum there. To Ali-ahum: My dear brother, let Damqaya give you the tin there. <gap> mina 5 shekels of silver is owed by Anna-anna <gap> the s"
14b6f3ac-433a-4c1e-a029-cbb28750364b,"To Ali-ahum from Puzur-Aššur: Concerning the silver that I owe to the merchant, your journey has not been deposited, but the merchant does not take interest from me and do not take interest from the merchant. My dear brother, until the journey of the Suqinum, let me come to me and send 1 mina of silver for 5 shekels of silver to the merchant. What is it that I have to say"
153890a3-0403-4aaf-979e-304f4909e49e,"3 talents 15 minas of tin under seals, 4 black textiles, its wrapping, 17 kutānukutānum textiles, 16.66666 minas of loose tin, 2 black donkeys - in all 4 talents 18 minas of tin, the value of Iliya. From the City until Kanesh the fee paid at the rate 4 minas 6.15 shekels per talent at the rate 15 shekels per talent I paid. 16.66666 shekels deficiency of loose tin, 4 porters from Timilkiya"
153d2a73-1831-42ae-9137-efede68d487e,"Seal of Šu-Bēlum son of Kuziziya to Ali-ahum son of Adad-ellat, son of Ataya. My dear brother, pay attention to the words of the letter and let me leave your message with Azu."
154bfa3c-bd94-439c-b139-06e6d0a027af,"Meari owes 1 mina 2 shekels of silver to Ali-ahum. Reckoned from the week of Aššur-imittī, month Ša-kēnātim, eponymy after that of Aššur-imittī, he will add 2 shekels per month as interest. Witnessed by Šuppun-ahšu, by Anali his mother."
15a85aae-a70f-43ca-8af1-f8cd24aaae60,"Iddin-abum owes 20 minas of washed copper to Man-mahir. Month Buzutaya, eponymy Buzutaya. He will pay within one year. If he does not pay he will add interest at the rate 1 mina per month per 10 minas. Witnessed by Ṣiluš-Dagān, by Aššur-bāni."
163269a4-2927-48ea-8859-989640c0b4f7,"Amur-Ištar son of Dada owes 1 mina 7.5 shekels of refined silver to Elamma. Reckoned from the week of Ali-ahum and Amurrum-bāni he will pay within 11 weeks. If he does not pay, he will add 1.5 shekel per mina per month. Month Ša-sarrātim, eponymy of the successor of Ilšu-rabi son of Baziya. Witnessed by Imdī-ilum son of Šu-Labān, by Ememei son of Azutaya."
16830cc1-253e-40d2-b904-2b3ab6234675,9 shekels of silver owed by Aššur-šamšī and Kutaba as pledge 2 shekels of silver owed by our Šu-Ištar.
168d7873-608c-4ba9-9087-5f4945fdc7d7,"To Enna-Suen and Ali-ahum from Puzur-Aššur: I collected 3 shekels of silver and 2.5 shekels of silver ⅔ hireling, and I left the maid in Wašhaniya, and I wrote to them but they do not bring the maid. But the very day you hear my letter you kissed me and did not bring the maid to me. But the very day you hear my letter you heard my letter, collect either 5 shekels of silver as"
1690502b-bb18-49c3-9d24-e90e9f0d5ca7,"Seal of Amur-Šamaš, son of Miššu-rabi, seal of Nabi-Suen, son of Illil-bāni, seal of Ikūn-pī-Aššur, son of Šu-Ištar. The Kanesh colony gave us for these proceedings and we gave a tablet with our testimony before Aššur's dagger."
16cef975-beef-47dc-972d-e7364c3701b5,"To Ilī-bāni and Kuliya specifically to Ilī-bāni from Aššur-ennam: In Šalatiwar Kuliya gave me ⅚ mina of silver under his seal. I brought it to Wahšušana to you and I said to you: Take the silver and pay the šaddu'utušadduātum tax on behalf of Kuliya, as you promised."" You said: ""Yes, I promised the silver. In the presence of Aššur-lamassī, son of Aššur-mālik, and Šu-Išh"
16d0cdbc-3d1d-4d2b-942e-30d95810fb04,"Aššur-bāni son of Šalim-Aššur, Lā-qēp son of Izzizam-ilī, Ennānum son of Amriya further, Aššur-bāni, Āl-ṭāb and Elāliya as witnesses concerning Šu-Bēlum and Aššur-taklāku."
16e36709-5978-40ff-b3f9-47d0afe5baa7,"<gap> minas of refined silver, <gap> shekels of pašallupašallum gold, <gap> minas of good copper, <gap> minas of refined copper, <gap> minas of tin, <gap> minas of scrap metal <gap> I gave <gap> to his expenses. He wrote from hahhum and to him 18 shekels of gold for the palace, 15 shekels of silver were spent as a memorandum. He returned here and I gave him ⅓ mina of silver and 3 sacks of grain for his"
1733c229-e1ec-4e0a-81bd-10278b56882e,"Seal of the plenary assembly of the Kanesh colony. The plenary assembly of the Kanesh colony has passed a verdict: Ir'am-Aššur shall pay <gap> minas of silver, the working capital of Zikum to Assur-idi."
174437e5-1535-4360-bb54-fef3fb4ec96f,"Seal the price of the textiles and send Ewarimuša with the first transport. He will not be delayed. If he does not arrive, <gap> silver, the price of the textiles <gap> and what you wrote to me, saying: 'Do not check the grain that is under my seal, and <gap> in my father's house <gap>"
179bd757-299c-44c1-bc94-8e44bee96a8c,"2.66666 minas 1.16666 shekels of silver, the one-third part of the caravan of Ennam-Suen, I will receive 5.33333 minas 2.66666 shekels from the high price of the caravan."
17a2420c-a931-47ad-90b3-0c9b2a32c1e7,"From Kuziziya to Ennam-Aššur and Šu-Bēlum specifically to Ennam-Aššur: If you are truly my brother and my son, I have taken responsibility here. Just as I bring your father from Marithum and then I will send you 10 talents of silver and 10 talents of good copper. Šu-Bēlum is not staying there. Send him. Also, if you are truly my brother, <gap> to the lady <gap>"
17e471c7-87c4-4c0c-8edc-5d3e214b4a69,"To Elamma and Kurub-Ištar from Kūn-ilum specifically to Kurub-Ištar from Kūn-ilum: When Enahilī brought my merchandise to me and counted textiles in the palace before you, you gave 16 textiles to <gap> and you produced <gap> and <gap> he will compensate from the silver that <gap> with <gap>"
17eabcc2-84f1-4fb0-b151-af6331cb4d17,"Šumi-abiya owes ½ mina of refined silver to Elamma. Reckoned from the week of Ilī-nādā he will add 1 shekel per month as interest. Month 5, eponymy of Puzur-Nirah. Witnessed by Adad-pilah, by Ennam-Aššur son of Puzur-Aššur."
1828138b-a697-4b60-9845-53ebd784c0d3,"10 minas of good copper at 4 shekels per shekel, ½ litre of oil he balanced with Zukuwa in the name of Zukuwa - all this Bēlum-bāni son of Aššur-bēl-awātim owes to Ali-ahum."
183f33e3-5330-44b8-a511-dfd7dbfa0b6b,"22 dark textiles, 11 minas 10 shekels of tin, 12 shekels of silver, the price of ½ -textile, 2.5 minas of silver, the price of 5 donkeys, owed by Ali-ahum. Concerning 2 donkeys belonging to Elamma and Lā-qēp, Ali-ahum and hinnāya will establish where they are, Elamma and Lā-qēp will receive ½ mina of silver in silver. Witnessed by Edināya, by Ennam-Aššur."
184bcfc4-8827-4df8-87ff-6edb14f986f8,Seal of Šu-Nūnu son of Amur-Ištar. Tablet with my testimony before the šugarri'ā'um of Aššur. The Šamuha station gave me and I gave the tablet.
188a7c64-4486-47f7-919d-efa6347d80ac,From Šu-Kūbum to Aššur-ṭāb: Why is it that you keep writing me when you wrote me about the silver? Aššur-mālik and Kurub-Ištar have settled my affair and at that time I paid 3 minas of silver to Kurub-Ištar. The rest of the silver I paid to Kurub-Ištar. But once or twice my message came to you: You keep writing me about the silver. Abu-šalim has not taken anything. My
1899a23c-2a32-448d-99aa-9ead97436245,"From Itūr-ilī to Ennam-Aššur: Concerning your father's affair that I agreed with the owners of the silver and they have not come to an agreement, today the men have reached an agreement. They said: Write so the sons of the man come and take a decision where it is safe."" Urgent, it is not 5 minas of silver. Clear yourself and come and take your affair. 1 talent of washed copper"
18ab11d3-7780-4d6b-a009-628657257711,From Man-mahir and Damiq-pī-Aššur to Ali-ahum son of Šalim-Aššur.
19050ec7-5bef-442a-a85a-54a3c4a9674c,"1 jar of wheat, 3 sacks of wheat is owed by Aššur-mālik son of Aššur-šamšī 3 jars of wheat is owed by Šapunahšu 2 jars of wheat is owed by Walaya 3 jars of barley is owed by Walku 3 jars of wheat is owed by Huda 1 sack 2 jars of barley is owed by Inar son of Elāli 1 sack 3 jars of barley thereof 2 jars of wheat is owed by Dunumna, the servant of Haššui, the chief"
19052127-2c2e-479d-b666-f1ea0ed27cb2,"Pilah-Ištar and Šu-Bēlum agreed with Ummī-Išhara and Šu-Bēlum, and they gave 6.66666 minas of silver belonging to the house of Hinnāya, 4 minas of silver belonging to Kurub-Ištar son of Ali-ahum and in the kursinum of Ištar-pilah 1.33333 mina of silver. This silver Pilah-Ištar and Šu-Bēlum confirmed to Ummī-Išhara and Ennam-Aššur, and with the investor of Elamma, the"
191eb414-0862-4723-b059-8d058153e1ef,"Šu-Suen son of Iliya entrusted 2.83333 minas 7 shekels of silver under the seals of Ennam-Aššur son of Elamma to Lamassutum and Ir'am-Aššur, and Ir'am-Aššur will bring that silver to the City of Aššur. He will pay the silver to the merchant for the debt of Ennam-Aššur. The silver will pass overland in the name of Ennam-Aššur. Witnessed by Pilah-Ištar son of Elamma, by"
194a79ff-646e-41a4-9f8b-670620da1e54,"To Nab-Suen, Ennam-Aššur and Libbur-bēlī son of Asqudiya seal of the slave son of Kuziya."
198e428d-f51b-40d1-96d8-aee4bfa60d8d,"31 dark textiles of Iddin-Suen, 21 dark textiles of Aššur-rē'ī, 11 dark textiles of Šu-Ištar, 11 dark textiles of Ennam-Suen, 8 textiles for importšadduātum tax, 10 textiles for pre-emption. 33 textiles used for wrapping, 12 textiles without their seals, 3 textiles lost."
19a66d39-5818-435e-bc03-ce2696e4dbc6,"To Ennam-Aššur and Dadiya from Elamma: Karwaya brings you 15 minas of silver, its excise added, 15 shekels of gold, its excise added, ⅔ mina of silver, its excise added, Aššur-mūtappil brings to you. Give <gap> ⅔ minas of silver to Aššur-taklāku son of Lurabaku and check the tablet concerning my debt. If he is not available, Elāli son of Suaya is his representative. ⅔ mi"
19eba8f0-e5cb-4ccd-b9f0-386ca003953e,"From Šalim-Aššur to Ali-ahum, Šēp-Ištar and Aššur-kāšid: 603 kutānum textiles, thereof 100 of secondary quality further, 15 of extra-fine quality, thereof 3 that were sealed with Ilī-wēdāku's seal, will go to me further, 46 Abarnian textiles, both kutānum textiles and of extra-fine quality - in all 684 textiles, apart from those of the harnessors 20 talents of sealed tin and 5"
19f5f61c-f07c-41c7-8f37-211a529863d4,"<gap> he will pay when he returns. 14.5 minas of silver Šalim-Aššur will pay when he returns from the week of Ennamaya he will pay within 20 weeks. 1 mina of silver owed by Tudhaliya, Ennānum and Kawala, from the week of Šukkutum they will add ½ mina per mina. Ilšu-dan will manage. 6 minas of silver owed by Šu-Labrat son of Eliya. From the week of Aš"
1a515573-190b-4a0d-be8d-231b1dc7691f,"From Ner'amtum to Elamma: They are bringing you a thin textile and a undergarment. Together with your merchandise and a undergarment for Lamassutum. As for the matter about which you wrote me, the man has gone away. As for the matter about which you wrote me, the man has gone away. We are not to bring back my son's representatives. I am afraid and I have brought in. Do not be angry"
1a6009c4-1e50-4c39-bf39-4b9e3a111c14,To Aššur-nimrī from Kurbili: The copper you sent me does not be available. The donkeys have been drawn up in the palace. There is no small goods in my possession. Send me small goods there. <gap> I <gap> the donkeys <gap> the wages of the donkeys <gap> he must pay. With Lipit-Ani I borrowed 2 minas of copper and he took out of the copper you sent. He has not given me anything of his own
1a8ab0fa-b94e-498b-ad38-8d9bdd06c4a4,"Seal of Akuza son of Šu-Anum, seal of Uraya son of Manana, seal of Aššur-bāni son of Šalim-Aššur. The Kanesh colony gave us for these proceedings and we gave our testimony before Aššur's dagger."
1ac9b4c7-7fb9-48ed-8049-3e6d9ee11ec8,"Ilali-uman, the man from Tiwada, owes 1 mina 15 shekels of silver to Ali-ahum. Reckoned from the week of the kaššum office."
1b6721d4-47fe-4a7b-9ec5-9e3f83078555,"To Šarrum-Suen from Aššur-rabi: Your parakannukutānum textiles and the rest of the oil are still available here. Your representatives have left there. Here is a decision of the colony stating that no one may sell anything to the Anatolian. Ṭāb-ṣill-Aššur brings you ⅓ mina 1 shekel of silver under our seals. My dear brother, send me word whether this is or not, I shall not have"
1b7347d9-66f4-4f15-9a03-45fcad0a6c09,To Ali-ahum seal of Amur-šarrassa.
1b89399d-d4f8-4347-b88b-94f5eec0886f,<gap> shekels of silver they cost <gap> 1 shekel cost <gap> 2 shekels cost <gap> 4 shekels cost <gap> shekels they cost <gap> shekels for <gap> 15 grains for small goods 1 sheep cost 1 shekel - all this has been cleared during the week.
1b9afcfe-4818-464d-9961-e2d7b3420cea,3 minas of refined silver and its interest due by Ikūn-pīya 3 minas of silver and its interest due by Ikūn-pīya son of Šu-Illil 2 minas of silver and its interest due by Lā-qēpum 2 minas of silver and its interest due by Salliya ½ mina of silver and its interest due by Salliya ½ mina of silver and its interest due by Suen-nādā's son ½ mina 5 shekels of silver and
1babd323-20d4-4599-a98b-172f646646cf,"I gave <gap> textiles of pirikannukutānum textiles, 1 textile of copper from which <gap> to Aluwa and he brought it to Purušhaddum. 3 shekels of silver and 5 shekels of tin I gave to Aluwa, 3.5 shekels of silver and 5 shekels of silver I gave to Inišarum and Kizi. 6 donkeys myself, 1 donkey belonging to Šu-Ištar, in all 7 donkeys and their harness - all this I gave to them and brought"
1bd6a299-c588-4bc2-8050-df90b0373390,"The 1.66666 mina 5 shekels of silver that Šadana, wife of Uṣur-ša-Aššur, gave to Puzur-Aššur son of Aššur-dan for purchases, Uzuwa has received that silver. If Šadana or Šadana's representatives raise claim against Puzur-Aššur son of Aššur-dan, Uzuwa son of Libbiya will clear him. Witnessed by Nab-Suen, by Ṭāb-ṣill-Aššur, by Ilī-šubur-bāni."
1bf0d017-dab1-41b4-b156-dc5e82e80d83,"To Ennānum and <gap> Ali-ahum from Bēlum-bāni: Šalim-Aššur owes me 2 minas of silver. His terms are 2 weeks. Also, for the 1 talent of good copper that you gave him there, write his tablet within 2 weeks, and let him give my 1 talent of copper in Wahšušana and when he arrives let his tablet be invalidated. My dear brothers, keep an eye on Šalim-Aššur there. If he does not"
1c188e9c-46d7-4095-865f-6ff65c72d714,"From Ali-ahum, Dadiya and Da <gap> to Elamma and Kurub-Ištar: Šalim-Aššur brought 17 minas of silver. Its import duty was not exceeded. Thereof we gave ⅔ mina as import duty, 3 shekels were lost by washing. The rest of your silver is 16 minas 1⅓ shekels. Thereof 126 kutānum textiles cost 11.5 minas 3 shekels of silver, 4 donkeys cost 1.33333 mina less 2 shekels, 7.5 shekels, ½ donkey"
1c428f5b-15b5-463a-8e27-f9b2f0d858fc,"As to the 4 minas of silver that Enna-Suen became indebted to our father, 2.5 minas of silver, interest, ½ mina as expenses, for 5 minas of silver I received from Enna-Suen 1 mina of silver further, which Ennam-Adad owes, I received from Enna-Suen as guarantor. When I wrote to Warad-ilī in Kuburnat and <gap> 5 shekels <gap> When I wrote to Katila to Amur- <gap> and <gap> mina 4 shekels"
1c4c71a9-8eb1-4f48-a035-9705450b8968,"To Aššur-ṭāb from Kuliya: In accordance with your instruction I myself, Aššur-mālik, son of Kurara, and Šu-Bēlum, son of Puqidi, have settled the affair of Anah-ilī, son of Ṭāb-ṣilli-Aššur, for 1 mina of silver, and I myself guaranteed 1 mina of silver in the name of Anah-ilī. You gave me a tablet with your seal stating that you would not come back on Anah-ilī f"
1c58340e-f043-4fd4-b121-32e3a93d3b59,"To Aššur-malik from Kurub-Ištar: Our father has taken a lot of silver on my account. My dear brother, take care to send me the silver in your possession and that you have asked for a brother and friend with a friend. Send merchandise <gap> to Aššur-taklāku and A <gap> in Purušhaddum so they may sell it and let the silver be completed. Send 20 textiles to my account in the colony"
1c813a79-54e9-4a51-9b48-d294688cd650,"From Elamma and Kurub-Ištar to Dada and Inah-ilī: As to the 30 minas of silver that Ah-šalim brought to your father, if there is tin at the rate 15:1, then buy tin and send it to me. If there is not available at the rate 15:1, then buy half of tin and half textiles and send them to me with the first opportunity. When you seal the tin and textiles, write me about the packets and"
1d0c7278-13ef-42e9-814f-0412eecadf20,"12 shekels of silver and 8.33333 minas of good copper is owed by Ennam-Aššur son of Amurrum-bāni. Until if he has seized anything at all, he will pay me 1 mina of silver without a verdict or a decision. Witnessed by Azua, by Rabi-Aššur son of Aššur-imittī."
1d165703-279f-4b8b-9cda-7060f5b529aa,"To Ennam-Aššur from Amur-Aššur: Concerning your silver about which you wrote me, my partner has sent you the silver. Within one month <gap> I will come, and then my terms are due for 2 months."
1d32295d-8f12-4e95-93cb-52aad70b367b,"⅔ mina 7.5 shekels of refined silver, my earnings, I paid to Iddin-Aššur son of Dān-Aššur. When Iddin-Aššur led us to a complaint or when they entrusted the tablets with witnesses in the Gate of the God, I spent 1 talent 40 minas and Ṣilliya gave me half of it. I paid <gap> ½ mina of good copper, the harness and the bad copper belonging to the attorney. I personally paid an"
1d7184b7-e39a-42b2-b546-6fc238b2d32a,"From Šalim-Aššur, Sabasiya and the merchant to Pilah-Ištar and Zikiki: 30 minas of refined silver, its import duty added, its transport tariff paid, belonging to a merchant further, 10 minas of refined silver, its import duty added, its transport tariff paid, votive offerings for Aššur, votive offerings for the merchant, and under his seal, Zikiki brings to you Iliš-tikal a"
1d78e512-e1aa-4aaa-9318-72157ec81bc1,"Ababa, the attorney of Šalim-Aššur, seized us against Ennam-Aššur son of Šalim-Aššur and Ṣilliya, his brother Ali-ahum's representative, and Ababa the attorney said to Ennam-Aššur and Ṣilliya, his brother Ali-ahum's representative: 22 talents of good copper are in your possession."" Ennam-Aššur and Ṣilliya, his brother Ali-ahum's representative: ""Yes, it is in our"
1d90128d-d7d2-405c-9687-af988688febc,"From Iddin-Aššur to Hanunu, <gap> Ali-ahum and Ennānātum: Ennam-Adad owes 2 minas of refined silver in the presence of the City to a merchant. I hold his certified tablet. When the merchant <gap> his tablet <gap> at the rate 15 shekels <gap> to the City <gap> let the interest be deducted. Do not fail to make him forget the interest. Make him pay and send it with the first transport. Take"
1db9efa0-5906-471c-a9d2-b2385c8ac7e9,"Thus Man-mahir, Dan-Aššur, Ali-ahum and Šu-Ištar, say to Ennam-Aššur: Why is it that there where there is no father and mother and no mother? Since you went to the house of the god here and kept treating him with the god and before your visit, and then the brother and friend will give you encouragement. You are staying there for a year as a thin man who has no instructions or"
1dde2224-e434-4e76-85df-4a3b64f9c64c,"From Ilī-dan to Ennam-Aššur: My dear brother and lord, <gap> you came here and <gap> as much as <gap> the tablets have not been invalidated. Until the tablets have not been invalidated, I shall not make any decisions about you, and I shall not pay you any silver, your payment."
1dfa1df0-b0ad-411e-9522-529030e75ead,"After the colony sent Damiq-pī-Aššur to envoys as envoys, he returned the words of the colony, and he returned the words of the colony, and he received the words of Itūr-ilī. Also, the tablet which Itūr-ilī sent to Tamniya, Damiq-pī-Aššur, the envoy of the colony, released the tablet that Itūr-ilī sent to Tamniya, Damiq-pī-Aššur, the envoy of the colony, said: My dea"
1e462217-cd6d-488d-8750-9b2fba65cb74,"From Išme-Aššur to Ennam-Aššur, Aššuriš-tikal, <gap> num and Ennānum specifically to Aššuriš-tikal: Buṣuwa has brought me ⅓ mina of silver here. How much silver <gap> when I was about to go on a journey <gap> he wrote a letter and you are my guarantor. Also, you said: After your journey <gap> give me a kutānu-textile and I will assist me for the silver and the interest.""."
1e85e8a9-80a8-4420-8abb-667669c7b6aa,"Seal of Ilī-rē'ī, son of Ataya, seal of Šu-Labān, son of Ibni-ilī, seal of Puzur-Abeh, son of Aššur-šamšī, concerning Šu-Išhara, son of <gap> a, and Puzur-Abeh, son of Aššur-šamšī, concerning Šu-Išhara, son of <gap> a and Puzur-Abeh, they will pay 9 talents of good copper from the week of Šamaš-ṭāb, within 13 weeks. If they do not pay the copper they will add"
1e9cac23-1712-4ba0-87bc-b0c5fe4ebeeb,"To <gap> and <gap> from <gap> Pūšu-kēn, <gap> and Aššur-rēṣī: The interest on the 51 minas of silver that we borrowed for you in the house of a merchant became 4 minas 15 shekels of silver. In all: 55 minas 15 shekels, including its interest. Abu-šalim brought 46.5 minas of silver it was 12 shekels less due from the transport, 18 shekels we deducted for iron. 46 minas of silver"
1eacdd31-34bc-467a-8f21-3f23fffce832,"<gap> 1 mina of refined silver Hitani, son of Ilī-nādā, owes to Kuliya, son of Ali-abum. He paid 1.5 shekel per mina."
1f712645-c3ea-4d87-b0f9-eabfc424312e,"Seal of Šu-Nūnu son of Amur-Ištar, seal of Zuzu son of Ennam-ilī, seal of Amurrum-bāni son of Šu-Labrat. Amurrum-bāni owes 8 shekels of silver to Irišum. He will pay at the disposal of the threshing floor. If he does not pay he will add interest at the rate ⅓ shekel per month. Eponymy after that of Amur-Aššur son of Karriya."
1f79bb76-ecce-48cf-877a-7e51e19065f2,"Ennam-Aššur gave 5 shekels of silver and 1 sack of barley to Mula, Aššur-massu'ī's maid. Ennam-Aššur said: You have received the silver and the grain. Until your heart arrives you must not satisfy me with his house and his slave-girl. If you satisfy me with his house and his slave-girl, your mother and your brother will return the 5 shekels of silver and the sack of barley."""
1f8054f7-e70c-4861-b99b-5f1cfa5a1949,"Seal of the dātu-payers, Kuliya, the messenger of the Kanesh colony and the Durhumit colony. To every single and the trading stations until Kanesh."
1f922cf5-3381-4e27-8473-d3ae9ce4e85a,"To Aššur-mūtabbil and Aššur-mālik specifically to Aššur-mālik from your representatives: <gap> mina less ½ shekel of silver <gap> you have sold <gap> to Amur-Šamaš. The rest of the silver, ⅓ mina 4.5 shekels, is owed by you. My dear brother, give the silver and purchases to Aššur-mūtabbil, and I shall do you a favour."
1f94ecc8-0e2b-4d49-a8ae-359b99f5d4da,"Seal of Man-mahir, Dan-Aššur son of Puzur-Aššur, Ali-ahum his brother and Šu-Ištar son of Šukkutum to Ennam-Aššur son of Šalim-Aššur."
1f969304-1971-4333-85cc-39a89ef6a900,"Seal of Ṣiluš-Dagān, seal of Aššur-bāni son of Iddin-abum, seal of Iddin-abum son of Aššur-bāni. Iddin-abum son of Aššur-bāni owes 20 minas of washed copper to Man-mahir. Month Kuzallu, eponymy Buzutaya. He will pay within one year. If he does not pay he will add interest at the rate 1 mina per 10 minas per month."
